keyword,seed,category,type
Kitchen utensil,kitchen gadget,home_kitchen,Topic
Krampouz Crepiere Fun kitchen gadgets,kitchen gadget,home_kitchen,Product line
air fryer,air fryer,home_kitchen,Topic
Power Air Fryer,air fryer,home_kitchen,Topic
Food storage containers,food storage,home_kitchen,Topic
Food Storage,food storage,home_kitchen,Topic
Food Storage Bag,food storage,home_kitchen,Topic
Pet Food Storage Container,food storage,home_kitchen,Topic
Baby Food Storage,food storage,home_kitchen,Topic
Organization,organization,home_kitchen,Topic
Home Decor,home decor,home_kitchen,Topic
Home Decorators Collection,home decor,home_kitchen,Topic
LUX HOME DECOR,home decor,home_kitchen,Topic
Floral Home Decor,home decor,home_kitchen,Topic
Inspire Me! Home Decor,home decor,home_kitchen,Topic
Cleaning products,cleaning product,home_kitchen,Topic
Cleaning agent,cleaning product,home_kitchen,Topic
Glass cleaning products,cleaning product,home_kitchen,Topic
Meliora Cleaning Products,cleaning product,home_kitchen,Topic
Voice Assistant,smart home,home_kitchen,Topic
Home automation,smart home,home_kitchen,Topic
Smart home system,smart home,home_kitchen,Topic
smart home,smart home,home_kitchen,Topic
Smart device,smart home,home_kitchen,Topic
Dog toy,dog toy,pet_products,Topic
Monster K9 Dog Toys,dog toy,pet_products,Topic
Savage Cat Food,cat food,pet_products,Topic
Royal Canin Kitten Gravy 85gx12 Pouches,cat food,pet_products,Topic
60 Capsules VetPlus Coatex for Hair and Skin Care for Dogs and Cats,pet supplement,pet_products,Product line
vetplus Fibor Fiber Supplement for Dog's and Cat's Gut Health,pet supplement,pet_products,Product line
Nutramax Crananidin Chewable Tablets for Dogs,pet supplement,pet_products,Product line
LABORATORIOS VetPlus Synoquin EFA Cats 90cap,pet supplement,pet_products,Product line
Promax Paste Syringe 9ml Small Breed,pet supplement,pet_products,Product line
Pet Grooming,pet grooming,pet_products,Topic
Dyson Pet grooming kit for Cordless Vacuums Dyson,pet grooming,pet_products,Product line
Dog training,dog training,pet_products,Topic
Dog Training Collar,dog training,pet_products,Topic
Dog Training Treats,dog training,pet_products,Topic
Dog Training Aid,dog training,pet_products,Topic
pet bed,pet bed,pet_products,Topic
Tempur-Pedic Pet Beds,pet bed,pet_products,Topic
Carefresh Small Pet Bedding,pet bed,pet_products,Product line
Camping Gear Shop Philippines campinggears.ph,camping gear,outdoor_camping,Topic
Hiking,hiking,outdoor_camping,Topic
Hiking Backpack,hiking,outdoor_camping,Topic
Hiking Pants,hiking,outdoor_camping,Topic
Women's Hiking Shoe,hiking,outdoor_camping,Topic
Outdoor cooking,outdoor cooking,outdoor_camping,Topic
Grills & Outdoor Cooking,outdoor cooking,outdoor_camping,Topic
Urban Survival Gear,survival gear,outdoor_camping,Topic
Wazoo Survival Gear,survival gear,outdoor_camping,Topic
Savior Survival Gear,survival gear,outdoor_camping,Topic
Survival Tactical Gear,survival gear,outdoor_camping,Topic
Backpack,backpack,outdoor_camping,Topic
Backpack Purse,backpack,outdoor_camping,Topic
Backpack Vacuum,backpack,outdoor_camping,Topic
Toddler,toddler,baby_parenting,Topic
Child safety seat,toddler,baby_parenting,Topic
Toddler bed,toddler,baby_parenting,Topic
Stroller,stroller,baby_parenting,Topic
Stroller Bag,stroller,baby_parenting,Topic
Baby Stroller Accessory,stroller,baby_parenting,Topic
Stroller Cover,stroller,baby_parenting,Topic
Pedestrian,stroller,baby_parenting,Topic
Baby monitor,baby monitor,baby_parenting,Topic
Video Baby Monitor,baby monitor,baby_parenting,Topic
Nanit Pro Smart Baby Monitor & Floor Stand,baby monitor,baby_parenting,Topic
3D printing,3d printing,hobby_craft,Topic
3D Printing Pen,3d printing,hobby_craft,Topic
3D printing filament,3d printing,hobby_craft,Topic
3d Printing Builds,3d printing,hobby_craft,Topic
Art Resin,resin art,hobby_craft,Topic
Berkshire Resin Art,resin art,hobby_craft,Topic
Resin art Charcuterie Board,resin art,hobby_craft,Topic
Resin Art,resin art,hobby_craft,Topic
Woodworking,woodworking,hobby_craft,Topic
Woodworking Tool,woodworking,hobby_craft,Topic
Home Gym,home gym,fitness_equipment,Topic
Commercial Home Gym,home gym,fitness_equipment,Topic
Thera-Band Flex Μπάρα Γυμναστικής MediumΚωδικός 12346,home gym,fitness_equipment,Product line
Resistance band,resistance band,fitness_equipment,Topic
Resistance band row,resistance band,fitness_equipment,Topic
Band assisted pull-up,resistance band,fitness_equipment,Topic
Massage Gun,massage gun,fitness_equipment,Topic
Total Massage Gun,massage gun,fitness_equipment,Topic
Recovery Toolbox,recovery tool,fitness_equipment,Topic
Mobile phone accessories,phone accessory,tech_accessories,Topic
Cell Phone Accessory Set,phone accessory,tech_accessories,Topic
Cell Phone Accessory Store,phone accessory,tech_accessories,Topic
Laptop Stands,laptop stand,tech_accessories,Topic
Rain Design mStand Laptop Stand,laptop stand,tech_accessories,Topic
Diva Ring Light,ring light,tech_accessories,Topic
Ring Light Us,ring light,tech_accessories,Topic
ring light,ring light,tech_accessories,Topic
Elgato 2500 Lumens Wifi Ring Light,ring light,tech_accessories,Product line
webcam sex,webcam,tech_accessories,Topic
Logitech HD Webcam,webcam,tech_accessories,Topic
Gaming chair,gaming chair,gaming,Topic
DOWINX GAMING CHAIR,gaming chair,gaming,Topic
Gaming Mouse,gaming mouse,gaming,Topic
Logitech G PRO X SUPERLIGHT 2 Wireless Gaming Mouse,gaming mouse,gaming,Product line
Gaming Headset,gaming headset,gaming,Topic
Standing desk,standing desk,office_wfh,Topic
Standing Desk Converter,standing desk,office_wfh,Topic
Standing Desk Converters,standing desk,office_wfh,Topic
The Standing Desk,standing desk,office_wfh,Topic
Ergonomic Chair,ergonomic chair,office_wfh,Topic
Desk Organizer,desk organizer,office_wfh,Topic
Desk Organizer Set,desk organizer,office_wfh,Topic
Desk Organizer Rose Gold,desk organizer,office_wfh,Topic
Martha Stewart Linen Desk Organizer,desk organizer,office_wfh,Topic
