keyword,category,current_interest,growth_5yr,growth_1yr,growth_6mo,growth_3mo,growth_1mo,related_queries,rising_queries,recommendation_score,error
LUX HOME DECOR,home_kitchen,14,10000.0,10000.0,10000.0,10000.0,10000.0,,,10000.0,
Logitech G PRO X SUPERLIGHT 2 Wireless Gaming Mouse,gaming,41,10000.0,10000.0,10000.0,10000.0,10000.0,,,10000.0,
Dog Training Aid,pet_products,37,10000.0,10000.0,10000.0,10000.0,10000.0,,,10000.0,
Survival Tactical Gear,outdoor_camping,8,-84.90566037735849,10000.0,10000.0,10000.0,10000.0,,,8991.51,
Inspire Me! Home Decor,home_kitchen,4,-93.10344827586206,10000.0,10000.0,10000.0,10000.0,,,8990.69,
Resistance band row,fitness_equipment,41,10000.0,10000.0,-59.0,10000.0,10000.0,,,7988.2,
Recovery Toolbox,fitness_equipment,28,10000.0,10000.0,-60.0,10000.0,10000.0,,,7988.0,
Desk Organizer Set,office_wfh,29,-48.214285714285715,10000.0,-42.0,-17.142857142857142,10000.0,,,4482.49,
melatonin alternatives,sleep_stress,24,10000.0,10000.0,-35.13513513513514,-25.0,-52.0,,,2471.12,
Mobile phone accessories,tech_accessories,15,10000.0,10000.0,-85.0,-44.44444444444444,-72.22222222222221,,,2450.22,
Ring Light Us,tech_accessories,9,10000.0,10000.0,-82.35294117647058,-64.0,-75.67567567567568,,,2444.83,
Commercial Home Gym,fitness_equipment,20,-33.33333333333333,10000.0,-39.39393939393939,-75.30864197530865,-77.01149425287356,,,1446.86,
DOWINX GAMING CHAIR,gaming,36,10000.0,9.090909090909092,-16.27906976744186,33.33333333333333,-51.35135135135135,,,991.04,
retinol alternative,natural_beauty,55,10000.0,-1.7857142857142856,-45.0,-8.333333333333332,-30.37974683544304,retinol alternative serum; bakuchiol; best retinol alternative; natural retinol alternative; bakuchiol serum,kora retinol alternative; indie lee retinol alternative; kora organics retinol alternative; indie lee retinol alternative cream; kora organics plant stem cell retinol alternative serum,979.53,
Glass cleaning products,home_kitchen,38,10000.0,-55.81395348837209,-50.0,-46.478873239436616,-55.81395348837209,,,953.26,
magnesium glycinate,supplements,93,1228.5714285714287,52.459016393442624,-5.1020408163265305,29.166666666666668,45.3125,,,150.59,
bone broth,gut_health,100,170.27027027027026,63.934426229508205,143.90243902439025,92.3076923076923,100.0,chicken bone broth; chicken broth; bone and broth; beef broth; beef bone broth,paleovalley bone broth protein; paleovalley bone broth; shin black beef bone broth; bone broth hot chocolate; dr kellyann bone broth reviews,108.47,
magnesium threonate,supplements,72,800.0,1.4084507042253522,-21.73913043478261,4.3478260869565215,24.137931034482758,magnesium glycinate; magnesium threonate benefits; best magnesium threonate; magnesium threonate sleep; magnesium threonate vs magnesium glycinate,apigenin magnesium threonate theanine; apigenin; magnesium threonate huberman; andrew huberman magnesium threonate; magnesium threonate and glycinate,84.19,
berberine,supplements,47,683.3333333333333,38.23529411764706,-6.0,30.555555555555557,11.904761904761903,,,84.08,
Hiking Pants,outdoor_camping,100,108.33333333333333,100.0,19.047619047619047,78.57142857142857,49.25373134328358,,,64.06,
3D printing filament,hobby_craft,66,407.6923076923077,83.33333333333334,50.0,34.69387755102041,-32.6530612244898,,,62.15,
nervous system regulation,sleep_stress,70,400.0,62.7906976744186,25.0,11.11111111111111,2.941176470588235,,,58.08,
cortisol,sleep_stress,90,350.0,18.421052631578945,2.272727272727273,26.76056338028169,28.57142857142857,cortisol levels; high cortisol; lower cortisol; what is cortisol; cortisol test,cortisol triggering foods; cortisol cocktail; cortisol cocktail recipe; cortisol detox diet; cortisol detox,53.48,
creatine,supplements,89,286.95652173913044,18.666666666666668,-11.0,30.88235294117647,43.54838709677419,,,50.08,
alpha gpc,mens_optimization,44,214.28571428571428,46.666666666666664,-8.333333333333332,10.0,37.5,alpha gpc benefits; what is alpha gpc; alpha gpc reddit; alpha gpc supplement; alpha gpc choline,alpha gpc wholisticresearch; alpha gpc huberman; l tyrosine benefits; what does alpha gpc do; how much alpha gpc per day,40.51,
turkesterone,mens_optimization,19,375.0,5.555555555555555,-47.22222222222222,11.76470588235294,18.75,turkesterone effects; turkesterone side effects; reddit turkesterone; what is turkesterone; turkesterone gorilla,tongkat ali; best turkesterone supplement; ashwagandha; fadogia agrestis; turkesterone and tongkat ali,37.46,
Stroller Bag,baby_parenting,80,135.29411764705884,66.66666666666666,-13.043478260869565,31.147540983606557,21.21212121212121,,,35.07,
gut health,gut_health,73,180.76923076923077,15.873015873015872,4.285714285714286,25.862068965517242,19.672131147540984,good gut health; gut health foods; what is gut health; gut health probiotics; probiotics,emma gut health reviews; emma gut health; hack your health the secrets of your gut; gut health secret.com; thorne gut health test,33.68,
adaptogens,sleep_stress,71,69.04761904761905,2.898550724637681,5.970149253731343,61.36363636363637,29.09090909090909,,,32.6,
gua sha,natural_beauty,26,136.36363636363635,0.0,8.333333333333332,73.33333333333333,-18.75,gua sha how to; face gua sha; gua sha stone; gua sha how to use; gua sha tool,terahertz gua sha; does gua sha work for jawline; gua sha routine; sacheu gua sha; gua sha movements,28.01,
collagen peptides,natural_beauty,98,24.050632911392405,20.98765432098765,0.0,40.0,40.0,,,27.55,
Home Gym,fitness_equipment,65,-2.9850746268656714,47.72727272727273,25.0,58.536585365853654,-18.75,gym equipment; in home gym; marcy home gym; home gym system; best at home gym,how to change home gym planet fitness; tempo home gym; best at home gym,20.87,
shilajit,mens_optimization,50,354.54545454545456,-39.02439024390244,-46.236559139784944,4.166666666666666,-3.8461538461538463,shilajit benefits; what is shilajit; himalayan shilajit; shilajit resin; best shilajit,himalayan shilajit gummies; betteralt shilajit; shilajit gummies reviews; shilajit gummies benefits; pure shilajit gummies,20.24,
Hiking,outdoor_camping,80,15.942028985507244,60.0,-18.367346938775512,33.33333333333333,15.942028985507244,hiking trails; hiking boots; hiking shoes; hiking near me; hiking trail,on cloud hiking shoes; hoka hiking shoes; hoka; hoka hiking boots; vans hiking boots,20.04,
Food storage containers,home_kitchen,79,29.508196721311474,11.267605633802818,14.492753623188406,38.59649122807017,6.756756756756757,,,19.22,
omega 3,supplements,69,60.46511627906976,21.052631578947366,-31.0,30.18867924528302,25.454545454545453,,,18.19,
Stroller,baby_parenting,81,65.3061224489796,26.5625,-19.0,22.727272727272727,19.11764705882353,baby stroller; car seat stroller; car seat; double stroller; best stroller,nuna trvl stroller; joie stroller; mockingbird stroller; mockingbird; nuna travel stroller,18.13,
Hiking Backpack,outdoor_camping,65,38.297872340425535,41.30434782608695,-35.0,35.41666666666667,20.37037037037037,,,17.99,
SIBO,gut_health,72,140.0,26.31578947368421,-16.27906976744186,5.88235294117647,5.88235294117647,sibo symptoms; sibo test; sibo diet; what is sibo; sibo treatment,reddit sibo; sibo symptoms reddit; sibo symptoms female; sibo breath test at home; que es sibo,17.93,
ashwagandha,supplements,54,115.99999999999999,-11.475409836065573,-27.027027027027028,14.893617021276595,31.70731707317073,ashwagandha benefits; does ashwagandha; ashwagandha effects; ashwagandha gummies; what is ashwagandha,goli ashwagandha reddit; goli ashwagandha reviews; does ashwagandha make you emotionless; does ashwagandha kill emotions; goli ashwagandha benefits,17.71,
Toddler bed,baby_parenting,90,8.433734939759036,16.883116883116884,8.433734939759036,26.76056338028169,18.421052631578945,,,17.28,
natural botox,natural_beauty,56,107.40740740740742,75.0,1.8181818181818181,9.803921568627452,-27.27272727272727,,,16.62,
air fryer,home_kitchen,64,-31.914893617021278,18.51851851851852,23.076923076923077,33.33333333333333,12.280701754385964,,,16.22,
PCOS,womens_health,82,90.69767441860465,6.493506493506493,-9.89010989010989,13.88888888888889,13.88888888888889,pcos symptoms; what is pcos; pcos meaning; pcos diet; pcos treatment,mounjaro; semaglutide; ozempic; ozempic pcos; ozempic for pcos,15.7,
hyaluronic acid,natural_beauty,85,51.78571428571429,21.428571428571427,-15.0,25.0,13.333333333333334,,,15.64,
The Standing Desk,office_wfh,32,220.00000000000003,39.130434782608695,-13.513513513513514,-5.88235294117647,-27.27272727272727,,,15.51,
vitamin d3,supplements,94,22.07792207792208,17.5,-6.0,20.51282051282051,22.07792207792208,,,15.38,
fadogia agrestis,mens_optimization,10,233.33333333333334,-50.0,-41.17647058823529,11.11111111111111,11.11111111111111,fadogia agrestis tongkat ali; tongkat ali; tongkat; fadogia agrestis and tongkat ali; fadogia agrestis benefits,fadogia agrestis tongkat ali; fadogia agrestis and tongkat ali; fadogia agrestis huberman; turkesterone; fadogia agrestis andrew huberman,13.71,
castor oil pack,gut_health,37,236.36363636363637,-49.31506849315068,-28.846153846153843,-2.631578947368421,12.121212121212121,how to castor oil pack; liver castor oil pack; liver; castor oil pack benefits; castor oil benefits,castor oil pack on neck benefits; diy castor oil pack wrap; queen of thrones; queen of thrones castor oil; how to wash castor oil pack,13.45,
3D printing,hobby_craft,74,111.42857142857143,29.82456140350877,5.714285714285714,15.625,-24.489795918367346,3d printer; 3d printing service; 3d print; what is 3d printing; 3d printing filament,3d printing service sculpteo; thangs 3d printing; pcbway 3d printing; bambu labs; thangs,13.32,
Standing desk,office_wfh,68,13.333333333333334,6.25,-4.225352112676056,30.76923076923077,13.333333333333334,best standing desk; standing adjustable desk; adjustable desk; standing desk height; standing desk converter,best standing desk 2023; flexispot e7; deskhaus; best standing desk 2022; walking pad,13.12,
Kitchen utensil,home_kitchen,62,12.727272727272727,12.727272727272727,6.896551724137931,29.166666666666668,-6.0606060606060606,,,10.03,
Resistance band,fitness_equipment,60,-27.710843373493976,42.857142857142854,-40.0,27.659574468085108,20.0,band exercises; resistance band exercises; resistance band workout; resistance bands; resistance band workouts,resistance band leggings; resistance band exercises for legs while sitting; resistance band pants; green resistance band weight; resistance band pullover,8.57,
face massage,natural_beauty,59,84.375,13.461538461538462,-21.333333333333336,31.11111111111111,-18.055555555555554,,,8.55,
Home Decor,home_kitchen,75,-19.35483870967742,19.047619047619047,-2.5974025974025974,31.57894736842105,-3.8461538461538463,home and decor; home depot; home decor stores; home wall decor; home decor ideas,macorner home decor; wander prints home decor; finecraftguild diy crafts home decor recipes beautifully recycled tutorials; ''; mom real budget friendly cleaning tricks organizing tips diy home decor and craft ideas,7.14,
probiotics,supplements,87,17.56756756756757,-7.446808510638298,-13.0,14.473684210526317,17.56756756756757,,,6.93,
hormone balance,womens_health,73,87.17948717948718,-6.41025641025641,-18.88888888888889,-5.194805194805195,8.955223880597014,,,5.37,
Backpack Vacuum,outdoor_camping,40,66.66666666666666,29.03225806451613,-42.028985507246375,-4.761904761904762,11.11111111111111,backpack vacuum cleaner; proteam vacuum; travel backpack; hoover backpack vacuum; vacuum seal backpack,backpack with vacuum seal; vacuum seal backpack for travel; ikea vacuum backpack; travel backpack; best vacuum backpack for travel,4.76,
Toddler,baby_parenting,79,43.63636363636363,5.333333333333334,-2.4691358024691357,-3.6585365853658534,0.0,toddler shoes; toddler bed; toddler fever; toddler car; toddler boots,toddler floor bed; toddler tower; crocs toddler; toddler new balance; toddler gymnastics near me,3.76,
Floral Home Decor,home_kitchen,63,-3.076923076923077,-10.0,-18.181818181818183,-10.0,36.95652173913043,,,3.14,
tongkat ali,mens_optimization,24,118.18181818181819,-17.24137931034483,-40.0,20.0,-11.11111111111111,tongkat ali benefits; fadogia; fadogia agrestis; fadogia agrestis tongkat ali; testosterone,tongkat ali and fadogia agrestis; tongkat ali huberman; turkesterone; andrew huberman tongkat ali; fadogia agrestis benefits,2.9,
Dog training,pet_products,65,-18.75,8.333333333333332,-14.473684210526317,18.181818181818183,4.838709677419355,dog training near me; service dog; service dog training; dog training collar; puppy training,bubble theory dog training; american standard dog training; nvk dog training collar; k9 mania dog training; spirit dog training reviews,2.48,
Laptop Stands,tech_accessories,52,6.122448979591836,62.5,-35.80246913580247,13.043478260869565,-13.333333333333334,,,2.09,
Art Resin,hobby_craft,54,-45.45454545454545,31.70731707317073,-5.263157894736842,25.581395348837212,-12.903225806451612,,,1.68,
pet bed,pet_products,40,2.564102564102564,17.647058823529413,-4.761904761904762,11.11111111111111,-11.11111111111111,dog bed; cat bed; squishmallow pet bed; squishmallow; large pet bed,squishmallow pet bed; squishmallow; what does sancho offer abraham to eat? a cracker a cookie a piece of chocolate; squishmallows pet bed; squishmallows,1.4,
leaky gut,gut_health,50,-45.65217391304348,-10.714285714285714,-9.090909090909092,8.695652173913043,21.951219512195124,leaky gut syndrome; leaky gut symptoms; what is leaky gut; leaky gut diet; heal leaky gut,how to test for leaky gut at home; leaky gut reddit; lectins and leaky gut; heal leaky gut in 2 weeks; leaky gut revive,0.77,
Organization,home_kitchen,68,21.428571428571427,-22.727272727272727,-4.225352112676056,-15.0,21.428571428571427,who; business organization; non profit organization; organization ideas; nonprofit organization,non-profit organization near me; organization meaning; organization skills; who; level of organization,0.57,
Logitech HD Webcam,tech_accessories,25,-67.10526315789474,-13.793103448275861,-24.242424242424242,8.695652173913043,38.88888888888889,,,0.21,
Urban Survival Gear,outdoor_camping,0,0.0,0.0,0.0,0.0,0.0,,,0.0,
Camping Gear Shop Philippines campinggears.ph,outdoor_camping,0,0.0,0.0,0.0,0.0,0.0,,,0.0,
Rain Design mStand Laptop Stand,tech_accessories,0,0.0,0.0,0.0,0.0,0.0,,,0.0,
Diva Ring Light,tech_accessories,0,0.0,0.0,0.0,0.0,0.0,,,0.0,
Cell Phone Accessory Set,tech_accessories,0,0.0,0.0,0.0,0.0,0.0,,,0.0,No data
Desk Organizer Rose Gold,office_wfh,0,0.0,0.0,0.0,0.0,0.0,,,0.0,No data
Elgato 2500 Lumens Wifi Ring Light,tech_accessories,0,0.0,0.0,0.0,0.0,0.0,,,0.0,
Grills & Outdoor Cooking,outdoor_camping,0,0.0,0.0,0.0,0.0,0.0,,,0.0,
3d Printing Builds,hobby_craft,0,0.0,0.0,0.0,0.0,0.0,,,0.0,
Berkshire Resin Art,hobby_craft,0,0.0,0.0,0.0,0.0,0.0,,,0.0,No data
Carefresh Small Pet Bedding,pet_products,0,0.0,0.0,0.0,0.0,0.0,,,0.0,
Total Massage Gun,fitness_equipment,0,0.0,0.0,0.0,0.0,0.0,,,0.0,
Band assisted pull-up,fitness_equipment,0,0.0,0.0,0.0,0.0,0.0,,,0.0,
Thera-Band Flex Μπάρα Γυμναστικής MediumΚωδικός 12346,fitness_equipment,0,0.0,0.0,0.0,0.0,0.0,,,0.0,
Standing Desk Converters,office_wfh,0,0.0,0.0,0.0,0.0,0.0,,,0.0,
Baby Stroller Accessory,baby_parenting,0,0.0,0.0,0.0,0.0,0.0,,,0.0,
Nanit Pro Smart Baby Monitor & Floor Stand,baby_parenting,0,0.0,0.0,0.0,0.0,0.0,,,0.0,
Resin art Charcuterie Board,hobby_craft,0,0.0,0.0,0.0,0.0,0.0,,,0.0,No data
Wazoo Survival Gear,outdoor_camping,0,0.0,0.0,0.0,0.0,0.0,,,0.0,
Promax Paste Syringe 9ml Small Breed,pet_products,0,0.0,0.0,0.0,0.0,0.0,,,0.0,No data
Tempur-Pedic Pet Beds,pet_products,0,0.0,0.0,0.0,0.0,0.0,,,0.0,
60 Capsules VetPlus Coatex for Hair and Skin Care for Dogs and Cats,pet_products,0,0.0,0.0,0.0,0.0,0.0,,,0.0,
cycle syncing,womens_health,0,0.0,0.0,0.0,0.0,0.0,,,0.0,Max retries
spearmint tea,womens_health,0,0.0,0.0,0.0,0.0,0.0,,,0.0,Max retries
seed cycling,womens_health,0,0.0,0.0,0.0,0.0,0.0,,,0.0,Max retries
red light therapy,natural_beauty,0,0.0,0.0,0.0,0.0,0.0,,,0.0,Max retries
Krampouz Crepiere Fun kitchen gadgets,home_kitchen,0,0.0,0.0,0.0,0.0,0.0,,,0.0,No data
Meliora Cleaning Products,home_kitchen,0,0.0,0.0,0.0,0.0,0.0,,,0.0,
Monster K9 Dog Toys,pet_products,0,0.0,0.0,0.0,0.0,0.0,,,0.0,
Savage Cat Food,pet_products,0,0.0,0.0,0.0,0.0,0.0,,,0.0,
Royal Canin Kitten Gravy 85gx12 Pouches,pet_products,0,0.0,0.0,0.0,0.0,0.0,,,0.0,
Martha Stewart Linen Desk Organizer,office_wfh,0,0.0,0.0,0.0,0.0,0.0,,,0.0,
vetplus Fibor Fiber Supplement for Dog's and Cat's Gut Health,pet_products,0,0.0,0.0,0.0,0.0,0.0,,,0.0,No data
Nutramax Crananidin Chewable Tablets for Dogs,pet_products,0,0.0,0.0,0.0,0.0,0.0,,,0.0,
LABORATORIOS VetPlus Synoquin EFA Cats 90cap,pet_products,0,0.0,0.0,0.0,0.0,0.0,,,0.0,No data
Dyson Pet grooming kit for Cordless Vacuums Dyson,pet_products,0,0.0,0.0,0.0,0.0,0.0,,,0.0,
Baby monitor,baby_parenting,71,-8.974358974358974,16.39344262295082,-21.978021978021978,10.9375,0.0,best baby monitor; vtech; wifi baby monitor; motorola; owlet,momcozy baby monitor; nanit pro baby monitor; nanit pro smart baby monitor; miku pro smart baby monitor; nanit pro,-0.1,
Resin Art,hobby_craft,53,-46.464646464646464,29.268292682926827,-7.017543859649122,23.25581395348837,-14.516129032258066,,,-0.2,
testosterone booster,mens_optimization,64,-24.705882352941178,-5.88235294117647,-15.789473684210526,8.47457627118644,10.344827586206897,best testosterone booster; men testosterone booster; testosterone booster natural; testosterone booster for men; test booster,testoprime; best testosterone booster 2022; best testosterone booster 2023; testosil; sigma testosterone booster,-1.29,
GABA,sleep_stress,84,29.230769230769234,0.0,-14.285714285714285,-11.578947368421053,2.4390243902439024,,,-2.1,
Cleaning products,home_kitchen,73,32.72727272727273,19.672131147540984,-17.045454545454543,-10.975609756097562,-9.876543209876543,car cleaning products; home cleaning products; household cleaning products; house cleaning products; method cleaning products,attitude cleaning products; eco friendly cleaning products; best car cleaning products,-2.89,
Baby Food Storage,home_kitchen,56,3.7037037037037033,100.0,-44.0,-18.84057971014493,-16.417910447761194,,,-3.07,
Desk Organizer,office_wfh,69,-11.538461538461538,1.4705882352941175,-25.0,27.77777777777778,-14.814814814814813,organizer for desk; desk drawer; office desk; desk storage organizer; desk storage,cord organizer for desk; five below; under desk organizer; pen organizer for desk; mail organizer for desk,-3.43,
Woodworking,hobby_craft,70,-17.647058823529413,2.941176470588235,6.0606060606060606,11.11111111111111,-20.454545454545457,woodworking tools; woodworking near me; rockler woodworking; rockler; woodworking plans,bourbon moth woodworking; clamps for woodworking; woodworking class near me; woodworking classes near me; reddit woodworking,-3.47,
smart home,home_kitchen,56,47.368421052631575,33.33333333333333,-32.53012048192771,3.7037037037037033,-26.31578947368421,google smart home; google home; home depot; hgtv; hgtv smart home,hgtv smart home 2023; hgtv smart home 2022; hgtv smart home 2024; hgtv smart home 2025; ecoflow smart home panel,-3.74,
Food Storage Bag,home_kitchen,61,45.23809523809524,-3.1746031746031744,-39.0,8.928571428571429,-7.575757575757576,,,-3.79,
l-theanine,supplements,62,121.42857142857142,-12.676056338028168,-38.0,-4.615384615384616,-18.421052631578945,theanine; l-theanine benefits; what is l-theanine; l theanine; magnesium,l-theanine benefits for women; neuro gum; magnesium glycinate; magnesium l-threonate; l-theanine dose for anxiety,-4.04,
Pet Food Storage Container,home_kitchen,48,-20.0,20.0,-52.0,6.666666666666667,11.627906976744185,,,-4.24,
sleep supplements,sleep_stress,50,138.0952380952381,-1.9607843137254901,-26.47058823529412,-9.090909090909092,-35.064935064935064,supplements for sleep; best sleep supplements; best supplements; magnesium sleep; magnesium,best sleep supplements 2023; best sleep supplements 2022; andrew huberman sleep supplements list; huberman sleep supplements; andrew huberman sleep supplements,-4.57,
Pedestrian,baby_parenting,59,78.78787878787878,5.357142857142857,-26.25,-16.901408450704224,-14.492753623188406,the pedestrian; pedestrian accident; pedestrian bridge; pedestrian accident lawyer; pedestrian accident attorney,pedestrian accident lawyer; pedestrian accident attorney; no pedestrian sign; pedestrian accident lawyers; pedestrian accident attorneys,-5.14,
Stroller Cover,baby_parenting,52,15.555555555555555,23.809523809523807,-1.8867924528301887,-22.388059701492537,-14.754098360655737,,,-5.27,
Pet Grooming,pet_products,50,-23.076923076923077,0.0,-19.35483870967742,6.382978723404255,-3.8461538461538463,grooming pet near me; grooming near me; mobile pet grooming; mobile grooming; dog grooming,pet grooming vacuum; pet grooming kit; art of pet grooming; pet supplies plus; specialty pet grooming,-5.74,
digestive enzymes,gut_health,53,26.190476190476193,-36.144578313253014,-25.352112676056336,-15.873015873015872,17.77777777777778,what is digestive enzymes; what are enzymes; what are digestive enzymes; digestive system; best digestive enzymes,physician's choice digestive enzymes; physicians choice digestive enzymes; physician choice digestive enzymes; mary ruth digestive enzymes; digestive enzymes reddit,-6.51,
Women's Hiking Shoe,outdoor_camping,40,-25.925925925925924,-28.57142857142857,-32.20338983050847,-2.4390243902439024,21.21212121212121,,,-7.57,
Food Storage,home_kitchen,51,18.6046511627907,4.081632653061225,-19.047619047619047,-8.928571428571429,-15.0,,,-8.07,
zinc,supplements,66,-9.58904109589041,1.5384615384615385,-34.0,0.0,-2.941176470588235,what is zinc; zinc vitamin; zinc oxide; magnesium; zinc benefits,how much zinc per day for a woman; how much zinc per day for a man; magnesium glycinate; ashwagandha; why does zinc make me nauseous,-8.41,
Dog toy,pet_products,61,10.909090909090908,10.909090909090908,1.6666666666666667,0.0,-39.0,dog toys; toy dogs; toy story dog; toy story; toy poodle,joyhound dog toy; floppy fish dog toy; swift paws dog toy; squishmallow dog toy; flopping fish dog toy,-8.64,
Backpack,outdoor_camping,28,47.368421052631575,3.7037037037037033,-72.0,3.7037037037037033,-9.67741935483871,black backpack; nike backpack; backpacks; north face backpack; travel backpack,anything but a backpack day; shop backpack deals; bluey backpack; backpack boyz; brevite backpack,-11.08,
webcam sex,tech_accessories,49,-45.55555555555556,-14.035087719298245,-16.94915254237288,11.363636363636363,-14.035087719298245,webcam sex live; webcam sex porn; webcam sex video; webcam sex videos; amateur webcam sex,pay by phone webcam sex; cheapest webcam sex; mature webcam sex,-11.42,
DIM supplement,womens_health,65,44.44444444444444,-18.75,-35.0,-4.411764705882353,-17.72151898734177,dim supplement for women; dim estrogen supplement; dim supplement benefits; dim for men; dim for acne,nac supplement; dim supplement for women; dim supplement benefits,-11.79,
ring light,tech_accessories,57,-28.749999999999996,11.76470588235294,-21.91780821917808,3.6363636363636362,-25.0,ring camera light; ring camera; elden ring; best ring light; led ring light,light armor elden ring; light greatsword elden ring; elden ring best light armor; elden ring; light greatswords elden ring,-12.08,
l-glutamine,gut_health,24,20.0,-27.27272727272727,-50.0,9.090909090909092,-7.6923076923076925,l-glutamine benefits; l-glutamine powder; what is l-glutamine; best l-glutamine; l-glutamine supplement,aor l-glutamine powder; when to take l-glutamine for gut health; l-glutamine side effects cancer; why is l-glutamine important for cell culture; essential stacks gut l-glutamine powder,-12.13,
Standing Desk Converter,office_wfh,25,-47.91666666666667,-16.666666666666664,-34.21052631578947,-3.8461538461538463,8.695652173913043,,,-12.49,
Ergonomic Chair,office_wfh,47,-7.8431372549019605,11.904761904761903,-35.61643835616438,-2.083333333333333,-20.33898305084746,computer chair,,-12.74,
Dog Training Collar,pet_products,48,-35.13513513513514,6.666666666666667,-21.311475409836063,-4.0,-20.0,,,-13.78,
myo-inositol,womens_health,31,93.75,10.714285714285714,-69.0,-16.216216216216218,-24.390243902439025,,,-14.19,
Backpack Purse,outdoor_camping,29,-39.58333333333333,-6.451612903225806,-30.952380952380953,20.833333333333336,-34.090909090909086,,,-16.14,
Power Air Fryer,home_kitchen,12,-81.25,20.0,-29.411764705882355,9.090909090909092,-25.0,,,-16.23,
Dog Training Treats,pet_products,64,-8.571428571428571,-13.513513513513514,-31.914893617021278,-20.0,-7.246376811594203,,,-16.44,
Massage Gun,fitness_equipment,31,-41.509433962264154,10.714285714285714,-20.51282051282051,24.0,-53.73134328358209,best massage gun; massager gun; massager; muscle massage gun; theragun,trakk massage gun; dacorm massage gun; raemao massage gun; elefor massage gun; aura revive massage gun,-16.77,
l-tyrosine,mens_optimization,10,42.857142857142854,-28.57142857142857,-41.17647058823529,-23.076923076923077,-16.666666666666664,l-tyrosine benefits; what is l-tyrosine; l-tyrosine supplement; l-theanine; l-tyrosine reddit,l-tyrosine changed my life; l-tyrosine dosage for weight loss; l-tyrosine and magnesium together; l-tyrosine adhd reddit; iherb l-tyrosine,-19.0,
Gaming Mouse,gaming,48,-29.411764705882355,4.3478260869565215,-40.74074074074074,17.073170731707318,-42.857142857142854,keyboard; gaming keyboard; keyboard and mouse gaming; keyboard and mouse; logitech,best gaming mouse 2025; best gaming mouse 2023; xbox cloud gaming keyboard and mouse; razer viper mini; wired gaming mouse,-19.03,
bloating relief,gut_health,37,19.35483870967742,-24.489795918367346,-51.31578947368421,2.7777777777777777,-26.0,gas relief; bloating stomach relief; best bloating relief; constipation relief; bloating relief medicine,align bloating relief and food digestion; bloating relief brand nyt; align bloating relief and food digestion reviews; bloating relief brand; hormonal bloating relief,-19.11,
vitex,womens_health,35,-16.666666666666664,-20.454545454545457,-49.275362318840585,-12.5,-5.405405405405405,vitex tree; vitex berry; vitex supplement; vitex benefits; texas vitex,vitex pharmaceuticals; vitex berry supplement; vitex supplement benefits; vitex supplement; vitex berry benefits,-19.34,
Outdoor cooking,outdoor_camping,48,9.090909090909092,20.0,-37.66233766233766,-14.285714285714285,-42.168674698795186,,,-19.85,
Savior Survival Gear,outdoor_camping,0,0.0,0.0,-100.0,0.0,0.0,,,-20.0,
Smart device,home_kitchen,52,48.57142857142857,8.333333333333332,-46.391752577319586,-22.388059701492537,-38.82352941176471,,,-20.42,
3D Printing Pen,hobby_craft,23,21.052631578947366,-4.166666666666666,15.0,-20.689655172413794,-70.12987012987013,,,-21.73,
Gaming chair,gaming,31,-46.55172413793103,-3.125,-11.428571428571429,10.714285714285714,-60.256410256410255,office chair; gaming office chair; gaming chairs; desk; gaming desk,best gaming chair 2022; vantum gaming chair; emerge vortex gaming chair; hello kitty gaming chair; ingrem gaming chair,-22.81,
Cleaning agent,home_kitchen,44,120.0,-8.333333333333332,-50.56179775280899,-51.11111111111111,-38.028169014084504,,,-23.55,
Woodworking Tool,hobby_craft,29,-19.444444444444446,20.833333333333336,-21.62162162162162,-9.375,-70.10309278350515,,,-26.52,
Voice Assistant,home_kitchen,6,50.0,0.0,-62.5,-25.0,-45.45454545454545,google voice; turn off voice assistant; home assistant voice; android voice assistant; best voice assistant,lopez voice assistant settlement; lopez voice assistant class action; lopez voice assistant settlement reddit; lopez voice assistant settlement legit; lopez voice assistant class action settlement reddit,-27.39,
Child safety seat,baby_parenting,36,56.52173913043478,-12.195121951219512,-64.0,-5.263157894736842,-57.647058823529406,,,-27.59,
Gaming Headset,gaming,33,-36.53846153846153,0.0,-36.53846153846153,3.125,-59.756097560975604,best gaming headset; gaming headset wireless; gaming pc; best headset for gaming; gaming headphones,audeze maxwell; steelseries arctis nova pro wireless; best gaming headset 2025; ps5 headset; wired gaming headset,-28.11,
Home automation,home_kitchen,31,72.22222222222221,3.3333333333333335,-63.95348837209303,-46.55172413793103,-42.592592592592595,smart home automation; home automation systems; what is home automation; google home; home automation companies,home automation india; what is home automation; home automation business; home automation companies; home automation app,-29.48,
Smart home system,home_kitchen,45,45.16129032258064,-2.1739130434782608,-53.608247422680414,-31.818181818181817,-51.61290322580645,,,-29.97,
burnout recovery,sleep_stress,34,61.904761904761905,21.428571428571427,-51.42857142857142,-48.484848484848484,-66.0,recovery from burnout; what is burnout; burnout recovery time; autistic burnout recovery; autistic burnout,adhd burnout recovery; autism burnout; burnout recovery timeline; autistic burnout; autistic burnout recovery,-32.8,
Video Baby Monitor,baby_parenting,31,-44.642857142857146,0.0,-69.0,-20.51282051282051,-34.04255319148936,,,-33.61,
Home Decorators Collection,home_kitchen,27,-53.44827586206896,-50.0,-12.903225806451612,-38.63636363636363,-30.76923076923077,,,-34.32,
Cell Phone Accessory Store,tech_accessories,0,0.0,-100.0,-100.0,0.0,0.0,,,-35.0,
